Technique,Category,Context,Batch,Peak GPU MB,CPU RSS MB,KV Cache MB,Latency (s),Tokens/s,TTFT (s),Memory Saving (%),Throughput Δ (%),Notes
NVFP4 (simulated),quantization,256,1,0.0,0.0,1.38,0.0,0.0,0.0,,,NVFP4 (4-bit fp) KV cache simulation; halving FP8 memory. [analytical simulation]
NVFP4 (simulated),quantization,256,2,0.0,0.0,2.75,0.0,0.0,0.0,,,NVFP4 (4-bit fp) KV cache simulation; halving FP8 memory. [analytical simulation]
NVFP4 (simulated),quantization,256,1,0.0,0.0,1.38,0.0,0.0,0.0,,,NVFP4 (4-bit fp) KV cache simulation; halving FP8 memory. [analytical simulation]
NVFP4 (simulated),quantization,256,2,0.0,0.0,2.75,0.0,0.0,0.0,,,NVFP4 (4-bit fp) KV cache simulation; halving FP8 memory. [analytical simulation]
MiniKV (simulated),quantization_eviction,256,1,0.0,0.0,0.1,0.0,0.0,0.0,,,MiniKV 2-bit + adaptive token eviction; reports >80% memory reduction in the original paper. [analytical simulation]
MiniKV (simulated),quantization_eviction,256,2,0.0,0.0,0.21,0.0,0.0,0.0,,,MiniKV 2-bit + adaptive token eviction; reports >80% memory reduction in the original paper. [analytical simulation]
MiniKV (simulated),quantization_eviction,256,1,0.0,0.0,0.1,0.0,0.0,0.0,,,MiniKV 2-bit + adaptive token eviction; reports >80% memory reduction in the original paper. [analytical simulation]
MiniKV (simulated),quantization_eviction,256,2,0.0,0.0,0.21,0.0,0.0,0.0,,,MiniKV 2-bit + adaptive token eviction; reports >80% memory reduction in the original paper. [analytical simulation]
xKV (simulated),compression,256,1,0.0,0.0,0.17,0.0,0.0,0.0,,,"Cross-layer SVD KV cache compression, ~8× memory reduction in the original paper. [analytical simulation]"
xKV (simulated),compression,256,2,0.0,0.0,0.34,0.0,0.0,0.0,,,"Cross-layer SVD KV cache compression, ~8× memory reduction in the original paper. [analytical simulation]"
xKV (simulated),compression,256,1,0.0,0.0,0.17,0.0,0.0,0.0,,,"Cross-layer SVD KV cache compression, ~8× memory reduction in the original paper. [analytical simulation]"
xKV (simulated),compression,256,2,0.0,0.0,0.34,0.0,0.0,0.0,,,"Cross-layer SVD KV cache compression, ~8× memory reduction in the original paper. [analytical simulation]"
